{
    "type": "mech",
	"name": "Bravo"
	"description": "Largest non flagship class vessel, handles even the pounding weapons of large mechs, uses laser minigun",
    "speed": 0.1,
    "boostSpeed": 0.3,
	"engineSize":5.0,
	"engineOffset":15,
    "mass": 10f,
    "health": 4000f,
    "itemCapacity":20,
    "buildpower": 1f,
	"cellTrnsY": 1f,
	"engineColor": "feb380",
	"weaponOffsetX": 12,
	"weaponOffsetY": 0
	"range": 250,
    "weapon":{
	     "name": "laser-minigun",
     	 "length":3.0,
		 "width":12.0,
		 "reload":6.0,
		 "shots":1,
		 "shotDelay":0,
		 "spacing":1f,
		 "inaccuracy":2.0,
		 "alternate": true,
		 "ejectEffect": "steam",
		 "shootSound": "laserMinigun"
		 "bullet":{
		    "type":"BasicBulletType",
			"speed": 10.0,
			"damage": 15,
			"bulletWidth": 4,
			"bulletHeight": 10,
			"shootEffect": "shootSmall",
			"smokeEffect": "none",
			"hitEffect": "hitBulletSmall",
			"lifetime": 60f,
            "inaccuracy": 2f,
			"frontColor": "e5edff",
			"backColor": "9bbdff"
			"trailColor": "e5edff",
			"splashDamage": 12,
            "splashDamageRadius": 30
            "bulletShrink":0
		  },
		 }
}