{
    "type": "mech",
	"name": "Excalibur"
	"description": "A large gunship capabale of tanking alot of damage, Uses heavy Helix Rocket pods",
    "speed": 0.1,
	"maxVelocity":1.0,
	"flying":true,
    "drag": 0.04f,
	"engineSize":5.0,
	"engineOffset":15,
    "mass": 5f,
    "health": 1000f,
    "itemCapacity":10,
    "buildpower": 1f,
	"cellTrnsY": 1f,
	"engineColor": "feb380",
	"weaponOffsetX": 10,
	"weaponOffsetY": -6
	"range": 300,
    "weapon":{
	     "name": "helix-missiles",
     	 "length":1.0,
		 "width":10.0,
		 "reload":24.0,
		 "shots":3,
		 "shotDelay":0,
		 "spacing":1f,
		 "inaccuracy":5.0,
		 "alternate": true,
		 "ejectEffect": "steam",
		 "bullet":{
		    "type":"MissileBulletType",
			"speed": 4.0,
			"damage": 10,
			"bulletWidth": 5,
			"bulletHeight": 10,
			"shootEffect": "shootBig2",
			"smokeEffect": "shootBigSmoke",
			"hitEffect": "blastExplosion",
			"lifetime": 60f,
            "inaccuracy": 2f,
			"frontColor": "ffa6a6",
			"backColor": "ff6e6e"
			"trailColor": "ff6c6c",
			"splashDamage": 12,
            "splashDamageRadius": 30
            "bulletShrink":0
		},
		 "shootSound": "shootBig"
		 }
}