{
	"type": "Fracker",
	"name": "Corrositite acid mixer",
	"description": "Combines oil and Corrositite to make a very corrosive liquid",
	"liquidCapacity": 20,
	"result": "acidLiquid",
	"pumpAmount": 0.3f,
	"size": 3,
	"hasPower": true,
	"hasLiquids": true,
	"hasItems": true,
	"craftTime": 60,
	"updateEffect": "smeltsmoke",
	"consumes": {
		"power": 12.0,
		"items": {
			"items": [
				{ "item": "corrositite", "amount": 2 }
			]
		},
		"liquid": {
			"liquid": "oil",
			"amount": 0.3
		}
	},
	"requirements": [
	    { "item": "lead", "amount": 320 },
		{ "item": "lead", "amount": 400},
		{ "item": "thorium", "amount": 170 },
		{ "item": "silicon", "amount": 120 },
		{ "item": "metaglass", "amount": 80 },
		{ "item": "graphite", "amount": 200 },
		{ "item": "titanium", "amount": 220 }
	],
	"category": "crafting",
	"research": "oil-extractor",
	"idleSound": "respawning",
	"idleSoundVolume": 0.5
}
