{
	"type": "itemTurret",
	"name": "Rail surge",
	"description": "A massive turret with surge acceleration technology, launches projectile at unimagineable speeds. high knockback and damage",
	"health": 4000,
	"size": 4,
	"reload": 360,
	"range": 300,
	"recoil": 5f,
	"shootShake": 4f,
	"ammoUseEffect": "blastsmoke",
	"inaccuracy": 0,
	"shots": 5,
	"spread": 0,
	"rotatespeed": 6,
	"shootSound": "laser"
	"ammo": {
		"thorgeDecayed": {
			"speed": 15.0,
			"damage": 80,
			"bulletWidth": 10,
			"bulletHeight": 20,
			"shootEffect": "shootBig2",
			"smokeEffect": "shootBigSmoke2",
			"hitEffect": "flakExplosionBig",
			"knockback": 10f,
			"ammoMultiplier": 3
			"frontColor": "ffff5c",
			"backColor": "ffff2a"
		},
		"thorge": {
			"speed": 80.0,
			"damage": 200,
			"bulletWidth": 8,
			"bulletHeight": 60,
			"shootEffect": "shootBig2",
			"smokeEffect": "shootBigSmoke2",
			"hitEffect": "flakExplosionBig",
			"knockback": 5f,
			"ammoMultiplier": 1
	        "frontColor": "ffff9b", 
	        "backColor": "ffff4c"       
		}
	},
	"requirements": [
		{ "item": "copper", "amount": 650 },
		{ "item": "graphite", "amount": 500 },
		{ "item": "thorium", "amount": 400 },
		{ "item": "surge-alloy", "amount": 550 },
		{ "item": "plastanium", "amount": 450 },
		{ "item": "thorge", "amount": 125 }
	],
	"category": "turret",
	"research": "meltdown"
}
