{
	"type": "GenericSmelter",
	"name": "Thorge fuser",
	"description": "Fuses alot of thorium and surge to make thorge, requires lots of energy to use",
	"liquidCapacity": 50,
	"outputItem": {"item": "thorge", "amount": 1},
	"size": 4,
	"hasPower": true,
	"hasLiquids": true,
	"hasItems": true,
	"itemCapacity":36
	"craftTime": 120,
	"updateEffect": "shootPyraFlame",
	"consumes": {
		"power": 130.0,
		"items": {
			"items": [
				{ "item": "thorium", "amount": 12 },
				{ "item": "surge-alloy", "amount": 12 }
			]
		},
		"liquid": {
			"liquid": "acidLiquid",
			"amount": 0.4
		}
	},
	"requirements": [
		{ "item": "lead", "amount": 50 },
		{ "item": "thorium", "amount": 80 },
		{ "item": "silicon", "amount": 60 },
		{ "item": "graphite", "amount": 50 }
	],
	"category": "crafting",
	"research": "silicon-smelter",
	"idleSound": "respawning",
	"idleSoundVolume": 0.5
}
